-- --------------------------------------------------------
-- Hôte:                         127.0.0.1
-- Version du serveur:           5.7.33 - MySQL Community Server (GPL)
-- SE du serveur:                Win64
-- HeidiSQL Version:             11.2.0.6213
-- --------------------------------------------------------

/*!40101 SET @OLD_CHARACTER_SET_CLIENT=@@CHARACTER_SET_CLIENT */;
/*!40101 SET NAMES utf8 */;
/*!50503 SET NAMES utf8mb4 */;
/*!40014 SET @OLD_FOREIGN_KEY_CHECKS=@@FOREIGN_KEY_CHECKS, FOREIGN_KEY_CHECKS=0 */;
/*!40101 SET @OLD_SQL_MODE=@@SQL_MODE, SQL_MODE='NO_AUTO_VALUE_ON_ZERO' */;
/*!40111 SET @OLD_SQL_NOTES=@@SQL_NOTES, SQL_NOTES=0 */;


-- Listage de la structure de la base pour bookshelf_corner
CREATE DATABASE IF NOT EXISTS `helenegreat_bookshelf_corner` /*!40100 DEFAULT CHARACTER SET utf8 */;
USE `helenegreat_bookshelf_corner`;

-- Listage de la structure de la table bookshelf_corner. administrators
DROP TABLE IF EXISTS `administrators`;
CREATE TABLE IF NOT EXISTS `administrators` (
  `ID` int(11) NOT NULL AUTO_INCREMENT,
  `pseudo` varchar(255) NOT NULL,
  `mail` varchar(255) NOT NULL,
  `mdp` varchar(255) NOT NULL,
  `picture` varchar(255) NOT NULL DEFAULT 'undefined',
  `role` int(1) NOT NULL DEFAULT '1',
  PRIMARY KEY (`ID`)
) ENGINE=InnoDB AUTO_INCREMENT=11 DEFAULT CHARSET=utf8 COMMENT='Role 1 : admins that can edit the website\r\nRole 2 : supra admins who can change the ''website'' table and create new admin accounts';

-- Listage des données de la table bookshelf_corner.administrators : ~3 rows (environ)
/*!40000 ALTER TABLE `administrators` DISABLE KEYS */;
INSERT INTO `administrators` (`ID`, `pseudo`, `mail`, `mdp`, `picture`, `role`) VALUES
	(1, 'HeleneGreat', 'hcarriou@gmail.com', '$2y$10$7GmdjhbZ6hcGf4hYb.dZHOpi253NR99AZacDe8cuykqkqPaEDAVgO', 'admin_1.png', 2),
	(2, 'Poufsouffle4Ever', '4ever@gmail.com', '$2y$10$E0sK.0csx/4eXnJCgMauaOzMA1IOfqL6aGncO.mn6FPLtMbhTHF8G', 'admin_2.png', 1),
	(10, 'La Mumu', 'mum@kercode.bzh', '$2y$10$bh7grQIszoshWb1okR7lj.8vQ./uayojbLKc5b1d2Lkpig08oBGxK', 'admin_10.png', 1);
/*!40000 ALTER TABLE `administrators` ENABLE KEYS */;


-- Listage de la structure de la table bookshelf_corner. genres
DROP TABLE IF EXISTS `genres`;
CREATE TABLE IF NOT EXISTS `genres` (
  `id` int(255) NOT NULL AUTO_INCREMENT,
  `category` varchar(255) NOT NULL,
  `picture` varchar(255) NOT NULL DEFAULT 'undefined',
  PRIMARY KEY (`id`)
) ENGINE=InnoDB AUTO_INCREMENT=22 DEFAULT CHARSET=utf8 COMMENT='DO NOT DELETE raw where id=21 ("Autres") because it is the default genre for books';

-- Listage des données de la table bookshelf_corner.genres : ~9 rows (environ)
/*!40000 ALTER TABLE `genres` DISABLE KEYS */;
INSERT INTO `genres` (`id`, `category`, `picture`) VALUES
	(2, 'Historique', 'genre_2.png'),
	(3, 'Policier', 'genre_3.png'),
	(4, 'Romance', 'genre_4.png'),
	(5, 'Fantastique', 'genre_5.png'),
	(7, 'Classique', 'genre_7.png'),
	(14, 'Aventure', 'genre_14.png'),
	(16, 'Voyage', 'genre_16.png'),
	(17, 'Science-fiction', 'genre_17.png'),
	(21, 'Autres', 'genre_21.png');
/*!40000 ALTER TABLE `genres` ENABLE KEYS */;

-- Listage de la structure de la table bookshelf_corner. books
DROP TABLE IF EXISTS `books`;
CREATE TABLE IF NOT EXISTS `books` (
  `ID` int(11) unsigned NOT NULL AUTO_INCREMENT,
  `title` varchar(255) NOT NULL,
  `created_at` timestamp NOT NULL DEFAULT CURRENT_TIMESTAMP,
  `author` varchar(255) NOT NULL,
  `notation` int(1) NOT NULL,
  `catchphrase` mediumtext NOT NULL,
  `id_genre` int(255) NOT NULL DEFAULT '21',
  `content` mediumtext NOT NULL,
  `picture` varchar(255) NOT NULL DEFAULT 'undefined',
  `year_publication` varchar(255) NOT NULL,
  `slider` varchar(50) NOT NULL DEFAULT '0',
  `id_admin` int(255) NOT NULL,
  PRIMARY KEY (`ID`),
  KEY `FK_books_genres` (`id_genre`),
  KEY `FK_books_admins` (`id_admin`),
  CONSTRAINT `FK_books_admins` FOREIGN KEY (`id_admin`) REFERENCES `administrators` (`ID`),
  CONSTRAINT `FK_books_genres` FOREIGN KEY (`id_genre`) REFERENCES `genres` (`id`)
) ENGINE=InnoDB AUTO_INCREMENT=39 DEFAULT CHARSET=utf8;

-- Listage des données de la table bookshelf_corner.books : ~19 rows (environ)
/*!40000 ALTER TABLE `books` DISABLE KEYS */;
INSERT INTO `books` (`ID`, `title`, `created_at`, `author`, `notation`, `catchphrase`, `id_genre`, `content`, `picture`, `year_publication`, `slider`, `id_admin`) VALUES
	(13, 'Bioshock Rapture', '2022-04-02 14:48:24', 'John Shirley', 3, 'Cras ultricies ligula sed magna dictum porta. Donec sollicitudin molestie malesuada. Mauris blandit aliquet elit, eget tincidunt nibh pulvinar a. Curabitur aliquet quam id dui posuere blandit. Vestibulum ac diam sit amet quam vehicula elementum sed sit amet dui. Vivamus suscipit tortor eget felis porttitor volutpat.', 5, 'Vivamus suscipit tortor eget felis porttitor volutpat. Nulla quis lorem ut libero malesuada feugiat. Nulla quis lorem ut libero malesuada feugiat. Mauris blandit aliquet elit, eget tincidunt nibh pulvinar a. Vestibulum ac diam sit amet quam vehicula elementum sed sit amet dui. Donec sollicitudin molestie malesuada.\r\n\r\nVestibulum ac diam sit amet quam vehicula elementum sed sit amet dui. Proin eget tortor risus. Curabitur arcu erat, accumsan id imperdiet et, porttitor at sem. Vestibulum ante ipsum primis in faucibus orci luctus et ultrices posuere cubilia Curae; Donec velit neque, auctor sit amet aliquam vel, ullamcorper sit amet ligula. Nulla porttitor accumsan tincidunt. Nulla porttitor accumsan tincidunt.\r\n\r\nCurabitur arcu erat, accumsan id imperdiet et, porttitor at sem. Sed porttitor lectus nibh. Nulla porttitor accumsan tincidunt. Vestibulum ante ipsum primis in faucibus orci luctus et ultrices posuere cubilia Curae; Donec velit neque, auctor sit amet aliquam vel, ullamcorper sit amet ligula. Curabitur arcu erat, accumsan id imperdiet et, porttitor at sem. Donec rutrum congue leo eget malesuada.\r\n\r\nPellentesque in ipsum id orci porta dapibus. Curabitur non nulla sit amet nisl tempus convallis quis ac lectus. Sed porttitor lectus nibh. Donec sollicitudin molestie malesuada. Mauris blandit aliquet elit, eget tincidunt nibh pulvinar a. Sed porttitor lectus nibh.', 'book_13.jpg', '2016', '1', 1),
	(16, 'Une flamme dans la nuit', '2022-04-03 14:51:25', 'Sabaa Tahir', 1, 'Donec sollicitudin molestie malesuada. Donec rutrum congue leo eget malesuada. Donec sollicitudin molestie malesuada. Donec sollicitudin molestie malesuada. Cras ultricies ligula sed magna dictum porta. Cras ultricies ligula sed magna dictum porta.', 5, 'Curabitur arcu erat, accumsan id imperdiet et, porttitor at sem. Lorem ipsum dolor sit amet, consectetur adipiscing elit. Quisque velit nisi, pretium ut lacinia in, elementum id enim. Sed porttitor lectus nibh. Sed porttitor lectus nibh.\r\n\r\nPellentesque in ipsum id orci porta dapibus. Curabitur arcu erat, accumsan id imperdiet et, porttitor at sem. Cras ultricies ligula sed magna dictum porta. Praesent sapien massa, convallis a pellentesque nec, egestas non nisi. Vivamus suscipit tortor eget felis porttitor volutpat.\r\n\r\nDonec rutrum congue leo eget malesuada. Praesent sapien massa, convallis a pellentesque nec, egestas non nisi. Donec sollicitudin molestie malesuada. Pellentesque in ipsum id orci porta dapibus. Curabitur arcu erat, accumsan id imperdiet et, porttitor at sem.\r\n\r\nQuisque velit nisi, pretium ut lacinia in, elementum id enim. Curabitur aliquet quam id dui posuere blandit. Vivamus magna justo, lacinia eget consectetur sed, convallis at tellus. Vestibulum ac diam sit amet quam vehicula elementum sed sit amet dui. Vivamus magna justo, lacinia eget consectetur sed, convallis at tellus.\r\n\r\nProin eget tortor risus. Nulla porttitor accumsan tincidunt. Proin eget tortor risus. Donec rutrum congue leo eget malesuada. Pellentesque in ipsum id orci porta dapibus.', 'book_16.jpg', '2016', '0', 10),
	(17, 'Rebel of the sands', '2022-04-04 14:52:09', 'Alwyn Hamilton', 1, 'Donec sollicitudin molestie malesuada. Donec rutrum congue leo eget malesuada. Donec sollicitudin molestie malesuada. Donec sollicitudin molestie malesuada. Cras ultricies ligula sed magna dictum porta. Cras ultricies ligula sed magna dictum porta.', 14, 'Sed porttitor lectus nibh. Vivamus magna justo, lacinia eget consectetur sed, convallis at tellus. Vestibulum ac diam sit amet quam vehicula elementum sed sit amet dui. Curabitur non nulla sit amet nisl tempus convallis quis ac lectus. Lorem ipsum dolor sit amet, consectetur adipiscing elit.\r\n\r\nNulla porttitor accumsan tincidunt. Nulla quis lorem ut libero malesuada feugiat. Vestibulum ante ipsum primis in faucibus orci luctus et ultrices posuere cubilia Curae; Donec velit neque, auctor sit amet aliquam vel, ullamcorper sit amet ligula. Cras ultricies ligula sed magna dictum porta. Curabitur arcu erat, accumsan id imperdiet et, porttitor at sem.\r\n\r\nNulla porttitor accumsan tincidunt. Lorem ipsum dolor sit amet, consectetur adipiscing elit. Quisque velit nisi, pretium ut lacinia in, elementum id enim. Vivamus suscipit tortor eget felis porttitor volutpat. Proin eget tortor risus.\r\n\r\nProin eget tortor risus. Vivamus magna justo, lacinia eget consectetur sed, convallis at tellus. Donec sollicitudin molestie malesuada. Donec rutrum congue leo eget malesuada. Nulla quis lorem ut libero malesuada feugiat.', 'book_17.jpg', '2016', '0', 10),
	(21, 'L&#039;aiguille creuse', '2022-04-12 11:19:25', 'Maurice Leblanc', 4, 'Praesent sapien massa, convallis a pellentesque nec, egestas non nisi. Praesent sapien massa, convallis a pellentesque nec, egestas non nisi. Curabitur aliquet quam id dui posuere blandit. Pellentesque in ipsum id orci porta dapibus. Nulla quis lorem ut libero malesuada feugiat. ', 3, 'Vivamus suscipit tortor eget felis porttitor volutpat. Nulla quis lorem ut libero malesuada feugiat. Nulla quis lorem ut libero malesuada feugiat. Mauris blandit aliquet elit, eget tincidunt nibh pulvinar a. Vestibulum ac diam sit amet quam vehicula elementum sed sit amet dui. Donec sollicitudin molestie malesuada.\r\n\r\nVestibulum ac diam sit amet quam vehicula elementum sed sit amet dui. Proin eget tortor risus. Curabitur arcu erat, accumsan id imperdiet et, porttitor at sem. Vestibulum ante ipsum primis in faucibus orci luctus et ultrices posuere cubilia Curae; Donec velit neque, auctor sit amet aliquam vel, ullamcorper sit amet ligula. Nulla porttitor accumsan tincidunt. Nulla porttitor accumsan tincidunt.\r\n\r\nCurabitur arcu erat, accumsan id imperdiet et, porttitor at sem. Sed porttitor lectus nibh. Nulla porttitor accumsan tincidunt. Vestibulum ante ipsum primis in faucibus orci luctus et ultrices posuere cubilia Curae; Donec velit neque, auctor sit amet aliquam vel, ullamcorper sit amet ligula. Curabitur arcu erat, accumsan id imperdiet et, porttitor at sem. Donec rutrum congue leo eget malesuada.\r\n\r\nPellentesque in ipsum id orci porta dapibus. Curabitur non nulla sit amet nisl tempus convallis quis ac lectus. Sed porttitor lectus nibh. Donec sollicitudin molestie malesuada. Mauris blandit aliquet elit, eget tincidunt nibh pulvinar a. Sed porttitor lectus nibh.', 'book_21.jpg', '1909', '1', 2),
	(24, 'La boîte à magie', '2022-05-07 11:55:39', 'Camilla Läckberg', 5, 'Praesent sapien massa, convallis a pellentesque nec, egestas non nisi. Praesent sapien massa, convallis a pellentesque nec, egestas non nisi. Curabitur aliquet quam id dui posuere blandit. Pellentesque in ipsum id orci porta dapibus. Nulla quis lorem ut libero malesuada feugiat. ', 3, 'Curabitur arcu erat, accumsan id imperdiet et, porttitor at sem. Lorem ipsum dolor sit amet, consectetur adipiscing elit. Quisque velit nisi, pretium ut lacinia in, elementum id enim. Sed porttitor lectus nibh. Sed porttitor lectus nibh.\r\n\r\nPellentesque in ipsum id orci porta dapibus. Curabitur arcu erat, accumsan id imperdiet et, porttitor at sem. Cras ultricies ligula sed magna dictum porta. Praesent sapien massa, convallis a pellentesque nec, egestas non nisi. Vivamus suscipit tortor eget felis porttitor volutpat.\r\n\r\nDonec rutrum congue leo eget malesuada. Praesent sapien massa, convallis a pellentesque nec, egestas non nisi. Donec sollicitudin molestie malesuada. Pellentesque in ipsum id orci porta dapibus. Curabitur arcu erat, accumsan id imperdiet et, porttitor at sem.\r\n\r\nQuisque velit nisi, pretium ut lacinia in, elementum id enim. Curabitur aliquet quam id dui posuere blandit. Vivamus magna justo, lacinia eget consectetur sed, convallis at tellus. Vestibulum ac diam sit amet quam vehicula elementum sed sit amet dui. Vivamus magna justo, lacinia eget consectetur sed, convallis at tellus.\r\n\r\nProin eget tortor risus. Nulla porttitor accumsan tincidunt. Proin eget tortor risus. Donec rutrum congue leo eget malesuada. Pellentesque in ipsum id orci porta dapibus.', 'book_24.jpg', '2022', '0', 1),
	(25, 'Huit crimes parfaits', '2022-05-11 11:56:36', 'Peter Swanson', 4, 'Cras ultricies ligula sed magna dictum porta. Donec sollicitudin molestie malesuada. Mauris blandit aliquet elit, eget tincidunt nibh pulvinar a. Curabitur aliquet quam id dui posuere blandit. Vestibulum ac diam sit amet quam vehicula elementum sed sit amet dui. Vivamus suscipit tortor eget felis porttitor volutpat.', 3, 'Vivamus suscipit tortor eget felis porttitor volutpat. Nulla quis lorem ut libero malesuada feugiat. Nulla quis lorem ut libero malesuada feugiat. Mauris blandit aliquet elit, eget tincidunt nibh pulvinar a. Vestibulum ac diam sit amet quam vehicula elementum sed sit amet dui. Donec sollicitudin molestie malesuada.\r\n\r\nVestibulum ac diam sit amet quam vehicula elementum sed sit amet dui. Proin eget tortor risus. Curabitur arcu erat, accumsan id imperdiet et, porttitor at sem. Vestibulum ante ipsum primis in faucibus orci luctus et ultrices posuere cubilia Curae; Donec velit neque, auctor sit amet aliquam vel, ullamcorper sit amet ligula. Nulla porttitor accumsan tincidunt. Nulla porttitor accumsan tincidunt.\r\n\r\nCurabitur arcu erat, accumsan id imperdiet et, porttitor at sem. Sed porttitor lectus nibh. Nulla porttitor accumsan tincidunt. Vestibulum ante ipsum primis in faucibus orci luctus et ultrices posuere cubilia Curae; Donec velit neque, auctor sit amet aliquam vel, ullamcorper sit amet ligula. Curabitur arcu erat, accumsan id imperdiet et, porttitor at sem. Donec rutrum congue leo eget malesuada.\r\n\r\nPellentesque in ipsum id orci porta dapibus. Curabitur non nulla sit amet nisl tempus convallis quis ac lectus. Sed porttitor lectus nibh. Donec sollicitudin molestie malesuada. Mauris blandit aliquet elit, eget tincidunt nibh pulvinar a. Sed porttitor lectus nibh.', 'book_25.jpg', '2022', '0', 2),
	(26, 'Hadès et Perséphone', '2022-05-13 12:00:23', 'Scarlette St Clair', 2, 'Praesent sapien massa, convallis a pellentesque nec, egestas non nisi. Praesent sapien massa, convallis a pellentesque nec, egestas non nisi. Curabitur aliquet quam id dui posuere blandit. Pellentesque in ipsum id orci porta dapibus. Nulla quis lorem ut libero malesuada feugiat. ', 4, 'Curabitur arcu erat, accumsan id imperdiet et, porttitor at sem. Lorem ipsum dolor sit amet, consectetur adipiscing elit. Quisque velit nisi, pretium ut lacinia in, elementum id enim. Sed porttitor lectus nibh. Sed porttitor lectus nibh.\r\n\r\nPellentesque in ipsum id orci porta dapibus. Curabitur arcu erat, accumsan id imperdiet et, porttitor at sem. Cras ultricies ligula sed magna dictum porta. Praesent sapien massa, convallis a pellentesque nec, egestas non nisi. Vivamus suscipit tortor eget felis porttitor volutpat.\r\n\r\nDonec rutrum congue leo eget malesuada. Praesent sapien massa, convallis a pellentesque nec, egestas non nisi. Donec sollicitudin molestie malesuada. Pellentesque in ipsum id orci porta dapibus. Curabitur arcu erat, accumsan id imperdiet et, porttitor at sem.\r\n\r\nQuisque velit nisi, pretium ut lacinia in, elementum id enim. Curabitur aliquet quam id dui posuere blandit. Vivamus magna justo, lacinia eget consectetur sed, convallis at tellus. Vestibulum ac diam sit amet quam vehicula elementum sed sit amet dui. Vivamus magna justo, lacinia eget consectetur sed, convallis at tellus.\r\n\r\nProin eget tortor risus. Nulla porttitor accumsan tincidunt. Proin eget tortor risus. Donec rutrum congue leo eget malesuada. Pellentesque in ipsum id orci porta dapibus.', 'book_26.jpg', '2018', '0', 10),
	(27, 'Le voyageur', '2022-05-16 12:04:47', 'Natsume Sōseki', 5, 'Cras ultricies ligula sed magna dictum porta. Donec sollicitudin molestie malesuada. Mauris blandit aliquet elit, eget tincidunt nibh pulvinar a. Curabitur aliquet quam id dui posuere blandit. Vestibulum ac diam sit amet quam vehicula elementum sed sit amet dui. Vivamus suscipit tortor eget felis porttitor volutpat.', 21, 'Vivamus suscipit tortor eget felis porttitor volutpat. Nulla quis lorem ut libero malesuada feugiat. Nulla quis lorem ut libero malesuada feugiat. Mauris blandit aliquet elit, eget tincidunt nibh pulvinar a. Vestibulum ac diam sit amet quam vehicula elementum sed sit amet dui. Donec sollicitudin molestie malesuada.\r\n\r\nVestibulum ac diam sit amet quam vehicula elementum sed sit amet dui. Proin eget tortor risus. Curabitur arcu erat, accumsan id imperdiet et, porttitor at sem. Vestibulum ante ipsum primis in faucibus orci luctus et ultrices posuere cubilia Curae; Donec velit neque, auctor sit amet aliquam vel, ullamcorper sit amet ligula. Nulla porttitor accumsan tincidunt. Nulla porttitor accumsan tincidunt.\r\n\r\nCurabitur arcu erat, accumsan id imperdiet et, porttitor at sem. Sed porttitor lectus nibh. Nulla porttitor accumsan tincidunt. Vestibulum ante ipsum primis in faucibus orci luctus et ultrices posuere cubilia Curae; Donec velit neque, auctor sit amet aliquam vel, ullamcorper sit amet ligula. Curabitur arcu erat, accumsan id imperdiet et, porttitor at sem. Donec rutrum congue leo eget malesuada.\r\n\r\nPellentesque in ipsum id orci porta dapibus. Curabitur non nulla sit amet nisl tempus convallis quis ac lectus. Sed porttitor lectus nibh. Donec sollicitudin molestie malesuada. Mauris blandit aliquet elit, eget tincidunt nibh pulvinar a. Sed porttitor lectus nibh.', 'book_27.jpg', '1991', '0', 2),
	(28, 'Beautiful Day', '2022-05-20 12:08:20', 'Kate Anthony', 2, 'Praesent sapien massa, convallis a pellentesque nec, egestas non nisi. Praesent sapien massa, convallis a pellentesque nec, egestas non nisi. Curabitur aliquet quam id dui posuere blandit. Pellentesque in ipsum id orci porta dapibus. Nulla quis lorem ut libero malesuada feugiat. ', 4, 'Sed porttitor lectus nibh. Vivamus magna justo, lacinia eget consectetur sed, convallis at tellus. Vestibulum ac diam sit amet quam vehicula elementum sed sit amet dui. Curabitur non nulla sit amet nisl tempus convallis quis ac lectus. Lorem ipsum dolor sit amet, consectetur adipiscing elit.\r\n\r\nNulla porttitor accumsan tincidunt. Nulla quis lorem ut libero malesuada feugiat. Vestibulum ante ipsum primis in faucibus orci luctus et ultrices posuere cubilia Curae; Donec velit neque, auctor sit amet aliquam vel, ullamcorper sit amet ligula. Cras ultricies ligula sed magna dictum porta. Curabitur arcu erat, accumsan id imperdiet et, porttitor at sem.\r\n\r\nNulla porttitor accumsan tincidunt. Lorem ipsum dolor sit amet, consectetur adipiscing elit. Quisque velit nisi, pretium ut lacinia in, elementum id enim. Vivamus suscipit tortor eget felis porttitor volutpat. Proin eget tortor risus.\r\n\r\nProin eget tortor risus. Vivamus magna justo, lacinia eget consectetur sed, convallis at tellus. Donec sollicitudin molestie malesuada. Donec rutrum congue leo eget malesuada. Nulla quis lorem ut libero malesuada feugiat.', 'book_28.jpg', '2014', '0', 1),
	(29, 'Le diable est au piano', '2022-05-25 12:09:45', 'Léo Henry', 1, 'Praesent sapien massa, convallis a pellentesque nec, egestas non nisi. Praesent sapien massa, convallis a pellentesque nec, egestas non nisi. Curabitur aliquet quam id dui posuere blandit. Pellentesque in ipsum id orci porta dapibus. Nulla quis lorem ut libero malesuada feugiat. ', 17, 'Sed porttitor lectus nibh. Vivamus magna justo, lacinia eget consectetur sed, convallis at tellus. Vestibulum ac diam sit amet quam vehicula elementum sed sit amet dui. Curabitur non nulla sit amet nisl tempus convallis quis ac lectus. Lorem ipsum dolor sit amet, consectetur adipiscing elit.\r\n\r\nNulla porttitor accumsan tincidunt. Nulla quis lorem ut libero malesuada feugiat. Vestibulum ante ipsum primis in faucibus orci luctus et ultrices posuere cubilia Curae; Donec velit neque, auctor sit amet aliquam vel, ullamcorper sit amet ligula. Cras ultricies ligula sed magna dictum porta. Curabitur arcu erat, accumsan id imperdiet et, porttitor at sem.\r\n\r\nNulla porttitor accumsan tincidunt. Lorem ipsum dolor sit amet, consectetur adipiscing elit. Quisque velit nisi, pretium ut lacinia in, elementum id enim. Vivamus suscipit tortor eget felis porttitor volutpat. Proin eget tortor risus.\r\n\r\nProin eget tortor risus. Vivamus magna justo, lacinia eget consectetur sed, convallis at tellus. Donec sollicitudin molestie malesuada. Donec rutrum congue leo eget malesuada. Nulla quis lorem ut libero malesuada feugiat.', 'book_29.jpg', '2013', '0', 2),
	(30, 'Tomb of the unknown racist', '2022-06-01 12:12:29', 'Blanche McCary Boyd', 1, 'Praesent sapien massa, convallis a pellentesque nec, egestas non nisi. Praesent sapien massa, convallis a pellentesque nec, egestas non nisi. Curabitur aliquet quam id dui posuere blandit. Pellentesque in ipsum id orci porta dapibus. Nulla quis lorem ut libero malesuada feugiat. ', 21, 'Sed porttitor lectus nibh. Vivamus magna justo, lacinia eget consectetur sed, convallis at tellus. Vestibulum ac diam sit amet quam vehicula elementum sed sit amet dui. Curabitur non nulla sit amet nisl tempus convallis quis ac lectus. Lorem ipsum dolor sit amet, consectetur adipiscing elit.\r\n\r\nNulla porttitor accumsan tincidunt. Nulla quis lorem ut libero malesuada feugiat. Vestibulum ante ipsum primis in faucibus orci luctus et ultrices posuere cubilia Curae; Donec velit neque, auctor sit amet aliquam vel, ullamcorper sit amet ligula. Cras ultricies ligula sed magna dictum porta. Curabitur arcu erat, accumsan id imperdiet et, porttitor at sem.\r\n\r\nNulla porttitor accumsan tincidunt. Lorem ipsum dolor sit amet, consectetur adipiscing elit. Quisque velit nisi, pretium ut lacinia in, elementum id enim. Vivamus suscipit tortor eget felis porttitor volutpat. Proin eget tortor risus.\r\n\r\nProin eget tortor risus. Vivamus magna justo, lacinia eget consectetur sed, convallis at tellus. Donec sollicitudin molestie malesuada. Donec rutrum congue leo eget malesuada. Nulla quis lorem ut libero malesuada feugiat.', 'book_30.jpg', '2018', '1', 1),
	(31, 'The start of something', '2022-06-05 12:17:46', 'Stuart Dybek', 5, 'Cras ultricies ligula sed magna dictum porta. Donec sollicitudin molestie malesuada. Mauris blandit aliquet elit, eget tincidunt nibh pulvinar a. Curabitur aliquet quam id dui posuere blandit. Vestibulum ac diam sit amet quam vehicula elementum sed sit amet dui. Vivamus suscipit tortor eget felis porttitor volutpat.', 21, 'Curabitur arcu erat, accumsan id imperdiet et, porttitor at sem. Lorem ipsum dolor sit amet, consectetur adipiscing elit. Quisque velit nisi, pretium ut lacinia in, elementum id enim. Sed porttitor lectus nibh. Sed porttitor lectus nibh.\r\n\r\nPellentesque in ipsum id orci porta dapibus. Curabitur arcu erat, accumsan id imperdiet et, porttitor at sem. Cras ultricies ligula sed magna dictum porta. Praesent sapien massa, convallis a pellentesque nec, egestas non nisi. Vivamus suscipit tortor eget felis porttitor volutpat.\r\n\r\nDonec rutrum congue leo eget malesuada. Praesent sapien massa, convallis a pellentesque nec, egestas non nisi. Donec sollicitudin molestie malesuada. Pellentesque in ipsum id orci porta dapibus. Curabitur arcu erat, accumsan id imperdiet et, porttitor at sem.\r\n\r\nQuisque velit nisi, pretium ut lacinia in, elementum id enim. Curabitur aliquet quam id dui posuere blandit. Vivamus magna justo, lacinia eget consectetur sed, convallis at tellus. Vestibulum ac diam sit amet quam vehicula elementum sed sit amet dui. Vivamus magna justo, lacinia eget consectetur sed, convallis at tellus.\r\n\r\nProin eget tortor risus. Nulla porttitor accumsan tincidunt. Proin eget tortor risus. Donec rutrum congue leo eget malesuada. Pellentesque in ipsum id orci porta dapibus.', 'book_31.jpg', '2017', '1', 1),
	(32, 'Monsieur Merlin', '2022-06-07 12:33:45', 'Arnauld Pontier', 3, 'Donec sollicitudin molestie malesuada. Donec rutrum congue leo eget malesuada. Donec sollicitudin molestie malesuada. Donec sollicitudin molestie malesuada. Cras ultricies ligula sed magna dictum porta. Cras ultricies ligula sed magna dictum porta.', 17, 'Vivamus suscipit tortor eget felis porttitor volutpat. Nulla quis lorem ut libero malesuada feugiat. Nulla quis lorem ut libero malesuada feugiat. Mauris blandit aliquet elit, eget tincidunt nibh pulvinar a. Vestibulum ac diam sit amet quam vehicula elementum sed sit amet dui. Donec sollicitudin molestie malesuada.\r\n\r\nVestibulum ac diam sit amet quam vehicula elementum sed sit amet dui. Proin eget tortor risus. Curabitur arcu erat, accumsan id imperdiet et, porttitor at sem. Vestibulum ante ipsum primis in faucibus orci luctus et ultrices posuere cubilia Curae; Donec velit neque, auctor sit amet aliquam vel, ullamcorper sit amet ligula. Nulla porttitor accumsan tincidunt. Nulla porttitor accumsan tincidunt.\r\n\r\nCurabitur arcu erat, accumsan id imperdiet et, porttitor at sem. Sed porttitor lectus nibh. Nulla porttitor accumsan tincidunt. Vestibulum ante ipsum primis in faucibus orci luctus et ultrices posuere cubilia Curae; Donec velit neque, auctor sit amet aliquam vel, ullamcorper sit amet ligula. Curabitur arcu erat, accumsan id imperdiet et, porttitor at sem. Donec rutrum congue leo eget malesuada.\r\n\r\nPellentesque in ipsum id orci porta dapibus. Curabitur non nulla sit amet nisl tempus convallis quis ac lectus. Sed porttitor lectus nibh. Donec sollicitudin molestie malesuada. Mauris blandit aliquet elit, eget tincidunt nibh pulvinar a. Sed porttitor lectus nibh.', 'book_32.jpg', '2022', '0', 2),
	(33, 'Mille femmes blanches', '2022-06-08 12:36:17', 'Jim Fergus', 2, 'Donec sollicitudin molestie malesuada. Donec rutrum congue leo eget malesuada. Donec sollicitudin molestie malesuada. Donec sollicitudin molestie malesuada. Cras ultricies ligula sed magna dictum porta. Cras ultricies ligula sed magna dictum porta.', 2, 'Donec rutrum congue leo eget malesuada. Nulla porttitor accumsan tincidunt. Nulla porttitor accumsan tincidunt. Sed porttitor lectus nibh. Cras ultricies ligula sed magna dictum porta. Quisque velit nisi, pretium ut lacinia in, elementum id enim.\r\n\r\nVivamus magna justo, lacinia eget consectetur sed, convallis at tellus. Nulla porttitor accumsan tincidunt. Donec rutrum congue leo eget malesuada. Proin eget tortor risus. Vivamus magna justo, lacinia eget consectetur sed, convallis at tellus. Donec rutrum congue leo eget malesuada.\r\n\r\nVivamus suscipit tortor eget felis porttitor volutpat. Curabitur non nulla sit amet nisl tempus convallis quis ac lectus. Cras ultricies ligula sed magna dictum porta. Vivamus suscipit tortor eget felis porttitor volutpat. Vivamus magna justo, lacinia eget consectetur sed, convallis at tellus. Vivamus magna justo, lacinia eget consectetur sed, convallis at tellus.\r\n\r\nDonec rutrum congue leo eget malesuada. Vivamus suscipit tortor eget felis porttitor volutpat. Donec rutrum congue leo eget malesuada. Vestibulum ante ipsum primis in faucibus orci luctus et ultrices posuere cubilia Curae; Donec velit neque, auctor sit amet aliquam vel, ullamcorper sit amet ligula. Curabitur non nulla sit amet nisl tempus convallis quis ac lectus. Curabitur aliquet quam id dui posuere blandit.', 'book_33.jpg', '1998', '1', 10),
	(34, 'Retour à Moosonee', '2022-06-08 12:38:02', 'Anthe Babendererde', 4, 'Cras ultricies ligula sed magna dictum porta. Donec sollicitudin molestie malesuada. Mauris blandit aliquet elit, eget tincidunt nibh pulvinar a. Curabitur aliquet quam id dui posuere blandit. Vestibulum ac diam sit amet quam vehicula elementum sed sit amet dui. Vivamus suscipit tortor eget felis porttitor volutpat.', 14, 'Vivamus suscipit tortor eget felis porttitor volutpat. Nulla quis lorem ut libero malesuada feugiat. Nulla quis lorem ut libero malesuada feugiat. Mauris blandit aliquet elit, eget tincidunt nibh pulvinar a. Vestibulum ac diam sit amet quam vehicula elementum sed sit amet dui. Donec sollicitudin molestie malesuada.\r\n\r\nVestibulum ac diam sit amet quam vehicula elementum sed sit amet dui. Proin eget tortor risus. Curabitur arcu erat, accumsan id imperdiet et, porttitor at sem. Vestibulum ante ipsum primis in faucibus orci luctus et ultrices posuere cubilia Curae; Donec velit neque, auctor sit amet aliquam vel, ullamcorper sit amet ligula. Nulla porttitor accumsan tincidunt. Nulla porttitor accumsan tincidunt.\r\n\r\nCurabitur arcu erat, accumsan id imperdiet et, porttitor at sem. Sed porttitor lectus nibh. Nulla porttitor accumsan tincidunt. Vestibulum ante ipsum primis in faucibus orci luctus et ultrices posuere cubilia Curae; Donec velit neque, auctor sit amet aliquam vel, ullamcorper sit amet ligula. Curabitur arcu erat, accumsan id imperdiet et, porttitor at sem. Donec rutrum congue leo eget malesuada.\r\n\r\nPellentesque in ipsum id orci porta dapibus. Curabitur non nulla sit amet nisl tempus convallis quis ac lectus. Sed porttitor lectus nibh. Donec sollicitudin molestie malesuada. Mauris blandit aliquet elit, eget tincidunt nibh pulvinar a. Sed porttitor lectus nibh.', 'book_34.jpg', '2022', '1', 1),
	(35, 'Sa majesté des mouches', '2022-06-09 12:40:37', 'William Golding', 5, 'Donec sollicitudin molestie malesuada. Donec rutrum congue leo eget malesuada. Donec sollicitudin molestie malesuada. Donec sollicitudin molestie malesuada. Cras ultricies ligula sed magna dictum porta. Cras ultricies ligula sed magna dictum porta.', 7, 'Vivamus suscipit tortor eget felis porttitor volutpat. Nulla quis lorem ut libero malesuada feugiat. Nulla quis lorem ut libero malesuada feugiat. Mauris blandit aliquet elit, eget tincidunt nibh pulvinar a. Vestibulum ac diam sit amet quam vehicula elementum sed sit amet dui. Donec sollicitudin molestie malesuada.\r\n\r\nVestibulum ac diam sit amet quam vehicula elementum sed sit amet dui. Proin eget tortor risus. Curabitur arcu erat, accumsan id imperdiet et, porttitor at sem. Vestibulum ante ipsum primis in faucibus orci luctus et ultrices posuere cubilia Curae; Donec velit neque, auctor sit amet aliquam vel, ullamcorper sit amet ligula. Nulla porttitor accumsan tincidunt. Nulla porttitor accumsan tincidunt.\r\n\r\nCurabitur arcu erat, accumsan id imperdiet et, porttitor at sem. Sed porttitor lectus nibh. Nulla porttitor accumsan tincidunt. Vestibulum ante ipsum primis in faucibus orci luctus et ultrices posuere cubilia Curae; Donec velit neque, auctor sit amet aliquam vel, ullamcorper sit amet ligula. Curabitur arcu erat, accumsan id imperdiet et, porttitor at sem. Donec rutrum congue leo eget malesuada.\r\n\r\nPellentesque in ipsum id orci porta dapibus. Curabitur non nulla sit amet nisl tempus convallis quis ac lectus. Sed porttitor lectus nibh. Donec sollicitudin molestie malesuada. Mauris blandit aliquet elit, eget tincidunt nibh pulvinar a. Sed porttitor lectus nibh.', 'book_35.jpg', '1954', '1', 10),
	(36, 'Berezina', '2022-06-10 12:44:26', 'Sylvain Tesson', 1, 'Cras ultricies ligula sed magna dictum porta. Donec sollicitudin molestie malesuada. Mauris blandit aliquet elit, eget tincidunt nibh pulvinar a. Curabitur aliquet quam id dui posuere blandit. Vestibulum ac diam sit amet quam vehicula elementum sed sit amet dui. Vivamus suscipit tortor eget felis porttitor volutpat.', 16, 'Donec rutrum congue leo eget malesuada. Nulla porttitor accumsan tincidunt. Nulla porttitor accumsan tincidunt. Sed porttitor lectus nibh. Cras ultricies ligula sed magna dictum porta. Quisque velit nisi, pretium ut lacinia in, elementum id enim.\r\n\r\nVivamus magna justo, lacinia eget consectetur sed, convallis at tellus. Nulla porttitor accumsan tincidunt. Donec rutrum congue leo eget malesuada. Proin eget tortor risus. Vivamus magna justo, lacinia eget consectetur sed, convallis at tellus. Donec rutrum congue leo eget malesuada.\r\n\r\nVivamus suscipit tortor eget felis porttitor volutpat. Curabitur non nulla sit amet nisl tempus convallis quis ac lectus. Cras ultricies ligula sed magna dictum porta. Vivamus suscipit tortor eget felis porttitor volutpat. Vivamus magna justo, lacinia eget consectetur sed, convallis at tellus. Vivamus magna justo, lacinia eget consectetur sed, convallis at tellus.\r\n\r\nDonec rutrum congue leo eget malesuada. Vivamus suscipit tortor eget felis porttitor volutpat. Donec rutrum congue leo eget malesuada. Vestibulum ante ipsum primis in faucibus orci luctus et ultrices posuere cubilia Curae; Donec velit neque, auctor sit amet aliquam vel, ullamcorper sit amet ligula. Curabitur non nulla sit amet nisl tempus convallis quis ac lectus. Curabitur aliquet quam id dui posuere blandit.', 'book_36.jpg', '2015', '0', 2),
	(37, 'Sauvages', '2022-06-11 12:45:50', 'Nathalie Bernard', 2, 'Cras ultricies ligula sed magna dictum porta. Donec sollicitudin molestie malesuada. Mauris blandit aliquet elit, eget tincidunt nibh pulvinar a. Curabitur aliquet quam id dui posuere blandit. Vestibulum ac diam sit amet quam vehicula elementum sed sit amet dui. Vivamus suscipit tortor eget felis porttitor volutpat.', 2, 'Vivamus suscipit tortor eget felis porttitor volutpat. Nulla quis lorem ut libero malesuada feugiat. Nulla quis lorem ut libero malesuada feugiat. Mauris blandit aliquet elit, eget tincidunt nibh pulvinar a. Vestibulum ac diam sit amet quam vehicula elementum sed sit amet dui. Donec sollicitudin molestie malesuada.\r\n\r\nVestibulum ac diam sit amet quam vehicula elementum sed sit amet dui. Proin eget tortor risus. Curabitur arcu erat, accumsan id imperdiet et, porttitor at sem. Vestibulum ante ipsum primis in faucibus orci luctus et ultrices posuere cubilia Curae; Donec velit neque, auctor sit amet aliquam vel, ullamcorper sit amet ligula. Nulla porttitor accumsan tincidunt. Nulla porttitor accumsan tincidunt.\r\n\r\nCurabitur arcu erat, accumsan id imperdiet et, porttitor at sem. Sed porttitor lectus nibh. Nulla porttitor accumsan tincidunt. Vestibulum ante ipsum primis in faucibus orci luctus et ultrices posuere cubilia Curae; Donec velit neque, auctor sit amet aliquam vel, ullamcorper sit amet ligula. Curabitur arcu erat, accumsan id imperdiet et, porttitor at sem. Donec rutrum congue leo eget malesuada.\r\n\r\nPellentesque in ipsum id orci porta dapibus. Curabitur non nulla sit amet nisl tempus convallis quis ac lectus. Sed porttitor lectus nibh. Donec sollicitudin molestie malesuada. Mauris blandit aliquet elit, eget tincidunt nibh pulvinar a. Sed porttitor lectus nibh.', 'book_37.jpg', '2018', '1', 1),
	(38, 'Voyage à motocyclette', '2022-06-11 12:50:49', 'Ernesto Che Guevara', 4, 'Donec sollicitudin molestie malesuada. Donec rutrum congue leo eget malesuada. Donec sollicitudin molestie malesuada. Donec sollicitudin molestie malesuada. Cras ultricies ligula sed magna dictum porta. Cras ultricies ligula sed magna dictum porta.', 16, 'Donec rutrum congue leo eget malesuada. Nulla porttitor accumsan tincidunt. Nulla porttitor accumsan tincidunt. Sed porttitor lectus nibh. Cras ultricies ligula sed magna dictum porta. Quisque velit nisi, pretium ut lacinia in, elementum id enim.\r\n\r\nVivamus magna justo, lacinia eget consectetur sed, convallis at tellus. Nulla porttitor accumsan tincidunt. Donec rutrum congue leo eget malesuada. Proin eget tortor risus. Vivamus magna justo, lacinia eget consectetur sed, convallis at tellus. Donec rutrum congue leo eget malesuada.\r\n\r\nVivamus suscipit tortor eget felis porttitor volutpat. Curabitur non nulla sit amet nisl tempus convallis quis ac lectus. Cras ultricies ligula sed magna dictum porta. Vivamus suscipit tortor eget felis porttitor volutpat. Vivamus magna justo, lacinia eget consectetur sed, convallis at tellus. Vivamus magna justo, lacinia eget consectetur sed, convallis at tellus.\r\n\r\nDonec rutrum congue leo eget malesuada. Vivamus suscipit tortor eget felis porttitor volutpat. Donec rutrum congue leo eget malesuada. Vestibulum ante ipsum primis in faucibus orci luctus et ultrices posuere cubilia Curae; Donec velit neque, auctor sit amet aliquam vel, ullamcorper sit amet ligula. Curabitur non nulla sit amet nisl tempus convallis quis ac lectus. Curabitur aliquet quam id dui posuere blandit.', 'book_38.jpg', '1995', '0', 10);
/*!40000 ALTER TABLE `books` ENABLE KEYS */;

-- Listage de la structure de la table bookshelf_corner. users
DROP TABLE IF EXISTS `users`;
CREATE TABLE IF NOT EXISTS `users` (
  `ID` int(11) NOT NULL AUTO_INCREMENT,
  `pseudo` varchar(255) NOT NULL,
  `mail` varchar(255) NOT NULL,
  `mdp` varchar(255) NOT NULL,
  `picture` varchar(255) NOT NULL DEFAULT 'no-avatar.png',
  `role` int(1) NOT NULL DEFAULT '0',
  PRIMARY KEY (`ID`)
) ENGINE=InnoDB AUTO_INCREMENT=18 DEFAULT CHARSET=utf8 COMMENT='Role 0 : simple registered user';

-- Listage des données de la table bookshelf_corner.users : ~5 rows (environ)
/*!40000 ALTER TABLE `users` DISABLE KEYS */;
INSERT INTO `users` (`ID`, `pseudo`, `mail`, `mdp`, `picture`, `role`) VALUES
	(2, 'Akim34', 'user@user.com', '$2y$10$F8.rF/QsiQ60DhF7BJVcy.m9v0suBq4OAtCu5/YFpcZIUReJYZ83y', 'user_2.png', 0),
	(10, 'Bilouta', 'bilout@chnord.fr', '$2y$10$vXJl6fLSjPTeO9lVY9Yu3unfHraaECKS4toVSKeG1NJC5tsb6eTsW', 'user_10.png', 0),
	(11, 'pikaManu', 'pika@pika.com', '$2y$10$md91j4sZwBGoSQpxcs4AW.wxq65r.a0HvqUAFlxfvbadVsYPWF23a', 'user_11.jpg', 0),
	(15, 'ptitlolo29', 'lolo@lolo.bzh', '$2y$10$fkw1bG6infwTv8QiYzKK.uiPyvjJAIhuEvhxBwlxb.W0Lm4Yewms2', 'user_15.png', 0),
	(17, 'LuciaMexv123', 'lucia@lucia.mx', '$2y$10$uOoGZPi8IhvkETj0LhCdEOL6ysGHt.boBoGdnTfpUbU1iSCar7WIS', 'no-avatar.png', 0);
/*!40000 ALTER TABLE `users` ENABLE KEYS */;

-- Listage de la structure de la table bookshelf_corner. comments
DROP TABLE IF EXISTS `comments`;
CREATE TABLE IF NOT EXISTS `comments` (
  `ID` int(11) unsigned NOT NULL AUTO_INCREMENT,
  `book_id` int(11) unsigned NOT NULL,
  `admin_id` int(11) DEFAULT NULL,
  `user_id` int(11) DEFAULT NULL,
  `created_at` timestamp NOT NULL DEFAULT CURRENT_TIMESTAMP,
  `title` varchar(255) NOT NULL,
  `content` varchar(10000) NOT NULL,
  PRIMARY KEY (`ID`),
  KEY `FK_comments_books` (`book_id`),
  KEY `FK_comments_admins` (`admin_id`),
  KEY `FK_comments_users` (`user_id`),
  CONSTRAINT `FK_comments_admins` FOREIGN KEY (`admin_id`) REFERENCES `administrators` (`ID`),
  CONSTRAINT `FK_comments_books` FOREIGN KEY (`book_id`) REFERENCES `books` (`ID`),
  CONSTRAINT `FK_comments_users` FOREIGN KEY (`user_id`) REFERENCES `users` (`ID`)
) ENGINE=InnoDB AUTO_INCREMENT=75 DEFAULT CHARSET=utf8;

-- Listage des données de la table bookshelf_corner.comments : ~27 rows (environ)
/*!40000 ALTER TABLE `comments` DISABLE KEYS */;
INSERT INTO `comments` (`ID`, `book_id`, `admin_id`, `user_id`, `created_at`, `title`, `content`) VALUES
	(44, 16, 2, NULL, '2022-05-29 13:32:06', 'Queso paneer brie red leicester cheesy feet', 'Blue castello paneer blue castello. Queso paneer brie red leicester cheesy feet stilton cheesecake chalk and cheese. Cheese slices smelly cheese blue castello mozzarella cheese and biscuits cheese and wine taleggio cheese strings. Squirty cheese halloumi monterey jack monterey jack cheesy grin everyone loves cheeseburger caerphilly. Port-salut cut the cheese cheese strings lancashire.'),
	(46, 21, 10, NULL, '2022-05-29 13:32:30', 'Oat cake pudding lollipop cake tiramisu', 'Say cheese monterey jack stinking bishop. Cheesy feet blue castello cheese triangles say cheese blue castello queso croque monsieur pecorino. Queso cheesecake stilton goat cheesecake roquefort camembert de normandie parmesan. Chalk and cheese rubber cheese smelly cheese st. agur blue cheese red leicester fondue paneer babybel. Fromage cream cheese mascarpone melted cheese.'),
	(48, 13, 1, NULL, '2022-05-29 13:32:48', 'Mauris blandit aliquet elit, eget tincidunt nibh pulvinar a.', 'Melted cheese rubber cheese red leicester. Camembert de normandie caerphilly rubber cheese cheesecake cut the cheese cheese triangles fromage rubber cheese. Swiss fondue dolcelatte fromage frais danish fontina cheese on toast cheddar melted cheese. Manchego swiss squirty cheese danish fontina macaroni cheese taleggio babybel stinking bishop. The big cheese bavarian bergkase cheddar.'),
	(49, 21, 10, NULL, '2022-05-29 13:32:30', 'Cheesy grin who moved my cheese manchego', 'Blue castello cheese and biscuits hard cheese. The big cheese caerphilly say cheese manchego airedale when the cheese comes out everybody is happy macaroni cheese port-salut. Squirty cheese goat jarlsberg feta the big cheese squirty cheese stinking bishop port-salut. Cheesy grin say cheese cut the cheese mozzarella camembert de normandie brie lancashire babybel. Squirty cheese cheese slices cut the cheese stilton.'),
	(51, 17, NULL, 17, '2022-06-02 14:53:40', 'Mauris blandit aliquet elit, eget tincidunt nibh pulvinar a.', 'Fondue mozzarella melted cheese. Taleggio fromage dolcelatte hard cheese cheese strings macaroni cheese feta st. agur blue cheese. Stilton babybel boursin cheeseburger hard cheese gouda port-salut cottage cheese. Port-salut taleggio parmesan squirty cheese queso.'),
	(52, 24, NULL, 2, '2022-06-02 14:53:40', 'Mauris blandit aliquet elit, eget tincidunt nibh pulvinar a.', 'Mauris blandit aliquet elit, eget tincidunt nibh pulvinar a.'),
	(53, 26, NULL, 10, '2022-06-02 14:53:40', 'Apple pie caramels marshmallow sugar plum ', 'Camembert de normandie chalk and cheese cheddar. Fromage cheesy feet airedale parmesan babybel taleggio croque monsieur swiss. Cut the cheese edam fromage frais chalk and cheese say cheese lancashire cream cheese who moved my cheese. When the cheese comes out everybody is happy melted cheese airedale cow mascarpone cheese strings gouda when the cheese comes out everybody is happy. St. agur blue cheese mascarpone swiss.'),
	(54, 29, NULL, 2, '2022-06-02 14:53:40', 'Cheesy grin who moved my cheese manchego', 'Cheddar squirty cheese manchego. Port-salut hard cheese babybel caerphilly who moved my cheese airedale blue castello cow. Pecorino swiss when the cheese comes out everybody is happy cheddar st. agur blue cheese stilton smelly cheese swiss. Macaroni cheese lancashire paneer caerphilly.'),
	(55, 38, NULL, 17, '2022-06-02 14:53:40', 'Mauris blandit aliquet elit, eget tincidunt nibh ', 'Cake sweet roll sweet chocolate cake sugar plum jelly beans marshmallow tart bear claw. Apple pie caramels marshmallow sugar plum cupcake powder brownie tiramisu sugar plum. Chocolate cake powder chocolate bar chocolate cake shortbread.'),
	(56, 17, NULL, 2, '2022-06-02 14:53:40', 'Apple pie caramels marshmallow sugar plum ', 'Pudding gummies chocolate bar candy canes chocolate bar jujubes lemon drops. Jelly beans biscuit jelly-o gingerbread chupa chups wafer. Bonbon lollipop toffee marshmallow jelly beans caramels tart soufflé chocolate cake. Gummies jelly halvah marshmallow pastry brownie liquorice.'),
	(57, 17, NULL, 17, '2022-06-02 14:53:40', 'Cheesy grin who moved my cheese manchego', 'St. agur blue cheese rubber cheese edam. Fondue danish fontina cut the cheese brie port-salut red leicester croque monsieur cheddar. Everyone loves lancashire babybel cheese on toast pepper jack smelly cheese cheddar cheesecake. Feta babybel boursin halloumi boursin.'),
	(58, 16, NULL, 2, '2022-06-02 14:53:40', 'Mauris blandit aliquet elit, eget tincidunt nibh pulvinar a.', 'Dessert sugar plum bonbon pastry oat cake bear claw sweet sesame snaps topping. Bear claw sweet caramels dessert donut cupcake cake sesame snaps. Toffee ice cream ice cream cake apple pie dessert cotton candy. Biscuit jelly beans sesame snaps carrot cake fruitcake ice cream cheesecake tootsie roll jujubes. Jelly shortbread topping macaroon jelly-o candy cake powder. Pudding gummies chocolate bar candy canes chocolate bar jujubes lemon drops. Jelly beans biscuit jelly-o gingerbread chupa chups wafer. Bonbon lollipop toffee marshmallow jelly beans caramels tart soufflé chocolate cake. Gummies jelly halvah marshmallow pastry brownie liquorice.'),
	(59, 17, NULL, 15, '2022-06-02 14:53:40', 'Apple pie caramels marshmallow sugar plum ', 'Cheeseburger cauliflower cheese who moved my cheese. Cow brie emmental cheese and biscuits ricotta cheesecake stinking bishop boursin. Who moved my cheese emmental cheese strings paneer ricotta port-salut cauliflower cheese roquefort. Edam pepper jack mascarpone cheesy grin.'),
	(60, 32, NULL, 2, '2022-06-02 14:53:40', 'Oat cake pudding lollipop cake tiramisu', 'Stilton taleggio cheddar. Cheeseburger cheese triangles the big cheese caerphilly goat cheddar cheddar parmesan. Dolcelatte parmesan cheeseburger swiss cottage cheese mozzarella monterey jack halloumi. Paneer queso cheeseburger swiss.'),
	(61, 17, NULL, 11, '2022-06-02 14:53:40', 'Mauris blandit aliquet elit, eget tincidunt nibh pulvinar a.', 'Smelly cheese cow cheesy feet. Squirty cheese airedale stilton cheesy grin cheese strings brie jarlsberg say cheese. Babybel manchego cheese triangles rubber cheese halloumi gouda stilton smelly cheese. Cheese on toast.'),
	(63, 17, NULL, 10, '2022-06-02 14:53:40', 'Apple pie caramels marshmallow sugar plum ', 'Cheddar squirty cheese manchego. Port-salut hard cheese babybel caerphilly who moved my cheese airedale blue castello cow. Pecorino swiss when the cheese comes out everybody is happy cheddar st. agur blue cheese stilton smelly cheese swiss. Macaroni cheese lancashire paneer caerphilly.'),
	(64, 17, NULL, 11, '2022-06-02 14:53:40', 'Oat cake pudding lollipop cake tiramisu', 'Oat cake pudding lollipop cake tiramisu muffin chocolate cake biscuit icing. Candy canes powder sesame snaps sesame snaps halvah. Muffin cookie bonbon powder brownie pastry donut sweet.'),
	(65, 31, NULL, 15, '2022-06-02 14:53:40', 'Queso paneer brie red leicester cheesy feet', 'Cheese and biscuits stinking bishop pecorino. Hard cheese paneer boursin lancashire fromage frais emmental brie say cheese. Cheese and wine pepper jack hard cheese cauliflower cheese mozzarella caerphilly taleggio lancashire. Cheese triangles cheese triangles emmental chalk and cheese cheese and wine mascarpone swiss stinking bishop. When the cheese comes out everybody is happy.'),
	(66, 30, NULL, 2, '2022-06-02 14:53:40', 'Mauris blandit aliquet elit, eget tincidunt nibh pulvinar a.', 'Caramels bonbon cupcake pudding topping marshmallow icing jelly beans. Shortbread jujubes jelly-o chocolate cake powder gingerbread cake bonbon sugar plum. Icing fruitcake chupa chups cheesecake apple pie cake muffin. Tootsie roll carrot cake gingerbread candy canes cheesecake. Chocolate lollipop cupcake cotton candy muffin chocolate bar toffee sweet chocolate bar. Chupa chups shortbread carrot cake pastry cheesecake. Marshmallow icing shortbread cake jelly-o.'),
	(67, 21, NULL, 17, '2022-06-02 15:19:32', 'Oat cake pudding lollipop cake tiramisu', 'Gummies liquorice icing apple pie dessert. Macaroon chocolate pastry tootsie roll cookie chocolate cake chocolate apple pie powder. Lollipop lollipop chocolate cake danish jujubes fruitcake oat cake. Sweet roll carrot cake danish cake halvah.'),
	(68, 16, NULL, 10, '2022-06-08 11:51:54', 'Apple pie caramels marshmallow sugar plum ', 'Bonbon biscuit croissant dessert chupa chups candy candy. Muffin candy canes chocolate bar liquorice pastry tootsie roll liquorice dragée macaroon. Gingerbread gummi bears cookie cupcake gummi bears jelly-o gummi bears powder. Fruitcake macaroon powder soufflé caramels. Topping macaroon bonbon gummi bears donut. Jelly sugar plum chocolate cake icing candy. Fruitcake liquorice tart icing pie bear claw oat cake wafer.'),
	(70, 21, NULL, 10, '2022-06-08 11:52:36', 'Mauris blandit aliquet elit, eget tincidunt nibh pulvinar a.', 'Chocolate cake liquorice gummies caramels marshmallow wafer. Gummi bears donut pastry gummi bears cupcake caramels apple pie. Cupcake dragée sweet roll jelly-o tart. Bonbon gummi bears pie icing biscuit carrot cake. Toffee tart cookie toffee caramels muffin fruitcake. Chocolate marzipan danish dragée chocolate lemon drops chocolate cake chupa chups jelly beans. Marzipan pudding chocolate cake apple pie chocolate bar. Dessert bonbon chocolate cake apple pie bear claw. Chocolate carrot cake oat cake gummi bears croissant sugar plum.'),
	(71, 38, NULL, 2, '2022-06-11 16:37:48', 'Queso paneer brie red leicester cheesy feet', 'Chocolate cake liquorice gummies caramels marshmallow wafer. Gummi bears donut pastry gummi bears cupcake caramels apple pie. Cupcake dragée sweet roll jelly-o tart. Bonbon gummi bears pie icing biscuit carrot cake. Toffee tart cookie toffee caramels muffin fruitcake. Chocolate marzipan danish dragée chocolate lemon drops chocolate cake chupa chups jelly beans. Marzipan pudding chocolate cake apple pie chocolate bar. Dessert bonbon chocolate cake apple pie bear claw. Chocolate carrot cake oat cake gummi bears croissant sugar plum.'),
	(72, 38, NULL, 15, '2022-06-11 16:38:20', 'Apple pie caramels', 'Bonbon biscuit croissant dessert chupa chups candy candy. Muffin candy canes chocolate bar liquorice pastry tootsie roll liquorice dragée macaroon. Gingerbread gummi bears cookie cupcake gummi bears jelly-o gummi bears powder. Fruitcake macaroon powder soufflé caramels. Topping macaroon bonbon gummi bears donut. Jelly sugar plum chocolate cake icing candy. Fruitcake liquorice tart icing pie bear claw oat cake wafer.'),
	(73, 38, 1, NULL, '2022-06-11 16:38:45', 'Oat cake pudding', 'Cheddar squirty cheese manchego. Port-salut hard cheese babybel caerphilly who moved my cheese airedale blue castello cow. Pecorino swiss when the cheese comes out everybody is happy cheddar st. agur blue cheese stilton smelly cheese swiss. Macaroni cheese lancashire paneer caerphilly.'),
	(74, 38, NULL, 17, '2022-06-11 16:39:33', 'Mauris blandit aliquet elit, eget tincidunt nibh pulvinar a.', 'St. agur blue cheese rubber cheese edam. Fondue danish fontina cut the cheese brie port-salut red leicester croque monsieur cheddar. Everyone loves lancashire babybel cheese on toast pepper jack smelly cheese cheddar cheesecake. Feta babybel boursin halloumi boursin.');
/*!40000 ALTER TABLE `comments` ENABLE KEYS */;

-- Listage de la structure de la table bookshelf_corner. messages
DROP TABLE IF EXISTS `messages`;
CREATE TABLE IF NOT EXISTS `messages` (
  `id` int(11) NOT NULL AUTO_INCREMENT,
  `gender` varchar(255) NOT NULL,
  `familyname` varchar(255) NOT NULL,
  `firstname` varchar(255) NOT NULL,
  `send_at` timestamp NOT NULL DEFAULT CURRENT_TIMESTAMP,
  `email` varchar(255) NOT NULL,
  `object` varchar(255) NOT NULL,
  `message` longtext NOT NULL,
  PRIMARY KEY (`id`)
) ENGINE=InnoDB AUTO_INCREMENT=79 DEFAULT CHARSET=utf8;

-- Listage des données de la table bookshelf_corner.messages : ~17 rows (environ)
/*!40000 ALTER TABLE `messages` DISABLE KEYS */;
INSERT INTO `messages` (`id`, `gender`, `familyname`, `firstname`, `send_at`, `email`, `object`, `message`) VALUES
	(2, 'other', 'Lorem', 'Ipsum', '2022-04-08 15:43:53', 'lorem@test.fr', 'Proposer un conseil lecture', 'Donec rutrum congue leo eget malesuada. Vivamus magna justo, lacinia eget consectetur sed, convallis at tellus. Praesent sapien massa, convallis a pellentesque nec, egestas non nisi. Vivamus magna justo, lacinia eget consectetur sed, convallis at tellus. Nulla quis lorem ut libero malesuada feugiat. Pellentesque in ipsum id orci porta dapibus.'),
	(3, 'other', 'Le Goff', 'Henry', '2022-04-09 18:21:54', 'lorem@test.fr', 'Proposer un conseil lecture', 'Donec rutrum congue leo eget malesuada. Vivamus magna justo, lacinia eget consectetur sed, convallis at tellus. Praesent sapien massa, convallis a pellentesque nec, egestas non nisi. Vivamus magna justo, lacinia eget consectetur sed, convallis at tellus. Nulla quis lorem ut libero malesuada feugiat. Pellentesque in ipsum id orci porta dapibus.'),
	(4, 'other', 'Martin', 'Isabelle', '2022-04-09 18:23:24', 'lorem@test.fr', 'Proposer un conseil lecture', 'Curabitur arcu erat, accumsan id imperdiet et, porttitor at sem. Donec sollicitudin molestie malesuada. Mauris blandit aliquet elit, eget tincidunt nibh pulvinar a. Donec rutrum congue leo eget malesuada. Nulla porttitor accumsan tincidunt.\r\n\r\nVivamus magna justo, lacinia eget consectetur sed, convallis at tellus. Donec sollicitudin molestie malesuada. Donec rutrum congue leo eget malesuada. Vivamus suscipit tortor eget felis porttitor volutpat. Praesent sapien massa, convallis a pellentesque nec, egestas non nisi.\r\n\r\nCurabitur arcu erat, accumsan id imperdiet et, porttitor at sem. Vestibulum ante ipsum primis in faucibus orci luctus et ultrices posuere cubilia Curae; Donec velit neque, auctor sit amet aliquam vel, ullamcorper sit amet ligula. Cras ultricies ligula sed magna dictum porta. Quisque velit nisi, pretium ut lacinia in, elementum id enim. Donec sollicitudin molestie malesuada.\r\n\r\nCras ultricies ligula sed magna dictum porta. Donec sollicitudin molestie malesuada. Proin eget tortor risus. Quisque velit nisi, pretium ut lacinia in, elementum id enim. Donec rutrum congue leo eget malesuada.\r\n\r\nNulla porttitor accumsan tincidunt. Sed porttitor lectus nibh. Vivamus suscipit tortor eget felis porttitor volutpat. Vestibulum ante ipsum primis in faucibus orci luctus et ultrices posuere cubilia Curae; Donec velit neque, auctor sit amet aliquam vel, ullamcorper sit amet ligula. Vestibulum ante ipsum primis in faucibus orci luctus et ultrices posuere cubilia Curae; Donec velit neque, auctor sit amet aliquam vel, ullamcorper sit amet ligula.'),
	(7, 'female', 'Gamot', 'Estelle', '2022-04-09 18:25:12', 'lorem@test.fr', 'Autre', 'Curabitur arcu erat, accumsan id imperdiet et, porttitor at sem. Donec sollicitudin molestie malesuada. Mauris blandit aliquet elit, eget tincidunt nibh pulvinar a. Donec rutrum congue leo eget malesuada. Nulla porttitor accumsan tincidunt.\r\n\r\nVivamus magna justo, lacinia eget consectetur sed, convallis at tellus. Donec sollicitudin molestie malesuada. Donec rutrum congue leo eget malesuada. Vivamus suscipit tortor eget felis porttitor volutpat. Praesent sapien massa, convallis a pellentesque nec, egestas non nisi.\r\n\r\nCurabitur arcu erat, accumsan id imperdiet et, porttitor at sem. Vestibulum ante ipsum primis in faucibus orci luctus et ultrices posuere cubilia Curae; Donec velit neque, auctor sit amet aliquam vel, ullamcorper sit amet ligula. Cras ultricies ligula sed magna dictum porta. Quisque velit nisi, pretium ut lacinia in, elementum id enim. Donec sollicitudin molestie malesuada.\r\n\r\nCras ultricies ligula sed magna dictum porta. Donec sollicitudin molestie malesuada. Proin eget tortor risus. Quisque velit nisi, pretium ut lacinia in, elementum id enim. Donec rutrum congue leo eget malesuada.\r\n\r\nNulla porttitor accumsan tincidunt. Sed porttitor lectus nibh. Vivamus suscipit tortor eget felis porttitor volutpat. Vestibulum ante ipsum primis in faucibus orci luctus et ultrices posuere cubilia Curae; Donec velit neque, auctor sit amet aliquam vel, ullamcorper sit amet ligula. Vestibulum ante ipsum primis in faucibus orci luctus et ultrices posuere cubilia Curae; Donec velit neque, auctor sit amet aliquam vel, ullamcorper sit amet ligula.'),
	(8, 'female', 'Le Padellec', 'Amélie', '2022-04-10 18:10:22', 'lorem@test.fr', 'Réclamation', 'Donec rutrum congue leo eget malesuada. Vivamus magna justo, lacinia eget consectetur sed, convallis at tellus. Praesent sapien massa, convallis a pellentesque nec, egestas non nisi. Vivamus magna justo, lacinia eget consectetur sed, convallis at tellus. Nulla quis lorem ut libero malesuada feugiat. Pellentesque in ipsum id orci porta dapibus.'),
	(9, 'male', 'Expelliarmus', 'Harry', '2022-04-10 18:48:06', 'lorem@test.fr', 'Accès à mes données', 'Curabitur arcu erat, accumsan id imperdiet et, porttitor at sem. Donec sollicitudin molestie malesuada. Mauris blandit aliquet elit, eget tincidunt nibh pulvinar a. Donec rutrum congue leo eget malesuada. Nulla porttitor accumsan tincidunt.\r\n\r\nVivamus magna justo, lacinia eget consectetur sed, convallis at tellus. Donec sollicitudin molestie malesuada. Donec rutrum congue leo eget malesuada. Vivamus suscipit tortor eget felis porttitor volutpat. Praesent sapien massa, convallis a pellentesque nec, egestas non nisi.\r\n\r\nCurabitur arcu erat, accumsan id imperdiet et, porttitor at sem. Vestibulum ante ipsum primis in faucibus orci luctus et ultrices posuere cubilia Curae; Donec velit neque, auctor sit amet aliquam vel, ullamcorper sit amet ligula. Cras ultricies ligula sed magna dictum porta. Quisque velit nisi, pretium ut lacinia in, elementum id enim. Donec sollicitudin molestie malesuada.\r\n\r\nCras ultricies ligula sed magna dictum porta. Donec sollicitudin molestie malesuada. Proin eget tortor risus. Quisque velit nisi, pretium ut lacinia in, elementum id enim. Donec rutrum congue leo eget malesuada.\r\n\r\nNulla porttitor accumsan tincidunt. Sed porttitor lectus nibh. Vivamus suscipit tortor eget felis porttitor volutpat. Vestibulum ante ipsum primis in faucibus orci luctus et ultrices posuere cubilia Curae; Donec velit neque, auctor sit amet aliquam vel, ullamcorper sit amet ligula. Vestibulum ante ipsum primis in faucibus orci luctus et ultrices posuere cubilia Curae; Donec velit neque, auctor sit amet aliquam vel, ullamcorper sit amet ligula.'),
	(10, 'male', 'Noble', 'Donna', '2022-04-11 08:50:49', 'lorem@test.fr', 'Accès à mes données', 'Curabitur arcu erat, accumsan id imperdiet et, porttitor at sem. Donec sollicitudin molestie malesuada. Mauris blandit aliquet elit, eget tincidunt nibh pulvinar a. Donec rutrum congue leo eget malesuada. Nulla porttitor accumsan tincidunt.\r\n\r\nVivamus magna justo, lacinia eget consectetur sed, convallis at tellus. Donec sollicitudin molestie malesuada. Donec rutrum congue leo eget malesuada. Vivamus suscipit tortor eget felis porttitor volutpat. Praesent sapien massa, convallis a pellentesque nec, egestas non nisi.\r\n\r\nCurabitur arcu erat, accumsan id imperdiet et, porttitor at sem. Vestibulum ante ipsum primis in faucibus orci luctus et ultrices posuere cubilia Curae; Donec velit neque, auctor sit amet aliquam vel, ullamcorper sit amet ligula. Cras ultricies ligula sed magna dictum porta. Quisque velit nisi, pretium ut lacinia in, elementum id enim. Donec sollicitudin molestie malesuada.\r\n\r\nCras ultricies ligula sed magna dictum porta. Donec sollicitudin molestie malesuada. Proin eget tortor risus. Quisque velit nisi, pretium ut lacinia in, elementum id enim. Donec rutrum congue leo eget malesuada.\r\n\r\nNulla porttitor accumsan tincidunt. Sed porttitor lectus nibh. Vivamus suscipit tortor eget felis porttitor volutpat. Vestibulum ante ipsum primis in faucibus orci luctus et ultrices posuere cubilia Curae; Donec velit neque, auctor sit amet aliquam vel, ullamcorper sit amet ligula. Vestibulum ante ipsum primis in faucibus orci luctus et ultrices posuere cubilia Curae; Donec velit neque, auctor sit amet aliquam vel, ullamcorper sit amet ligula.'),
	(29, 'female', 'Granger', 'Hermione', '2022-04-11 09:57:10', 'lorem@test.fr', 'Réclamation', 'Donec rutrum congue leo eget malesuada. Vivamus magna justo, lacinia eget consectetur sed, convallis at tellus. Praesent sapien massa, convallis a pellentesque nec, egestas non nisi. Vivamus magna justo, lacinia eget consectetur sed, convallis at tellus. Nulla quis lorem ut libero malesuada feugiat. Pellentesque in ipsum id orci porta dapibus.'),
	(51, 'male', 'Dupont', 'Albert', '2022-04-12 14:23:09', 'lorem@test.fr', 'Proposer un conseil lecture', 'Mauris blandit aliquet elit, eget tincidunt nibh pulvinar a. Vivamus magna justo, lacinia eget consectetur sed, convallis at tellus. Sed porttitor lectus nibh. Vestibulum ante ipsum primis in faucibus orci luctus et ultrices posuere cubilia Curae; Donec velit neque, auctor sit amet aliquam vel, ullamcorper sit amet ligula. Mauris blandit aliquet elit, eget tincidunt nibh pulvinar a. Curabitur non nulla sit amet nisl tempus convallis quis ac lectus.\r\n\r\nCurabitur arcu erat, accumsan id imperdiet et, porttitor at sem. Vivamus magna justo, lacinia eget consectetur sed, convallis at tellus. Pellentesque in ipsum id orci porta dapibus. Lorem ipsum dolor sit amet, consectetur adipiscing elit. Donec rutrum congue leo eget malesuada. Curabitur aliquet quam id dui posuere blandit.\r\n\r\nCras ultricies ligula sed magna dictum porta. Curabitur arcu erat, accumsan id imperdiet et, porttitor at sem. Cras ultricies ligula sed magna dictum porta. Vivamus suscipit tortor eget felis porttitor volutpat. Praesent sapien massa, convallis a pellentesque nec, egestas non nisi. Sed porttitor lectus nibh.'),
	(66, 'female', 'Weasley', 'Ginny', '2022-04-13 12:20:59', 'lorem@test.fr', 'Accès à mes données', 'Donec rutrum congue leo eget malesuada. Vivamus suscipit tortor eget felis porttitor volutpat. Praesent sapien massa, convallis a pellentesque nec, egestas non nisi. Pellentesque in ipsum id orci porta dapibus. Donec sollicitudin molestie malesuada.\r\n\r\nQuisque velit nisi, pretium ut lacinia in, elementum id enim. Nulla porttitor accumsan tincidunt. Praesent sapien massa, convallis a pellentesque nec, egestas non nisi. Curabitur aliquet quam id dui posuere blandit. Nulla quis lorem ut libero malesuada feugiat.'),
	(69, 'female', 'Mcgo', 'Minerva', '2022-04-15 16:10:24', 'lorem@test.fr', 'Accès à mes données', 'Donec rutrum congue leo eget malesuada. Vivamus suscipit tortor eget felis porttitor volutpat. Praesent sapien massa, convallis a pellentesque nec, egestas non nisi. Pellentesque in ipsum id orci porta dapibus. Donec sollicitudin molestie malesuada.\r\n\r\nQuisque velit nisi, pretium ut lacinia in, elementum id enim. Nulla porttitor accumsan tincidunt. Praesent sapien massa, convallis a pellentesque nec, egestas non nisi. Curabitur aliquet quam id dui posuere blandit. Nulla quis lorem ut libero malesuada feugiat.'),
	(70, 'male', 'Lavender', 'Patty', '2022-05-06 19:27:46', 'lorem@test.fr', 'Autre', 'Donec rutrum congue leo eget malesuada. Vivamus suscipit tortor eget felis porttitor volutpat. Praesent sapien massa, convallis a pellentesque nec, egestas non nisi. Pellentesque in ipsum id orci porta dapibus. Donec sollicitudin molestie malesuada.\r\n\r\nQuisque velit nisi, pretium ut lacinia in, elementum id enim. Nulla porttitor accumsan tincidunt. Praesent sapien massa, convallis a pellentesque nec, egestas non nisi. Curabitur aliquet quam id dui posuere blandit. Nulla quis lorem ut libero malesuada feugiat.'),
	(71, 'female', 'Potter', 'Lily', '2022-05-07 19:27:55', 'lorem@test.fr', 'Réclamation', 'Mauris blandit aliquet elit, eget tincidunt nibh pulvinar a. Vivamus magna justo, lacinia eget consectetur sed, convallis at tellus. Sed porttitor lectus nibh. Vestibulum ante ipsum primis in faucibus orci luctus et ultrices posuere cubilia Curae; Donec velit neque, auctor sit amet aliquam vel, ullamcorper sit amet ligula. Mauris blandit aliquet elit, eget tincidunt nibh pulvinar a. Curabitur non nulla sit amet nisl tempus convallis quis ac lectus.\r\n\r\nCurabitur arcu erat, accumsan id imperdiet et, porttitor at sem. Vivamus magna justo, lacinia eget consectetur sed, convallis at tellus. Pellentesque in ipsum id orci porta dapibus. Lorem ipsum dolor sit amet, consectetur adipiscing elit. Donec rutrum congue leo eget malesuada. Curabitur aliquet quam id dui posuere blandit.\r\n\r\nCras ultricies ligula sed magna dictum porta. Curabitur arcu erat, accumsan id imperdiet et, porttitor at sem. Cras ultricies ligula sed magna dictum porta. Vivamus suscipit tortor eget felis porttitor volutpat. Praesent sapien massa, convallis a pellentesque nec, egestas non nisi. Sed porttitor lectus nibh.'),
	(72, 'other', 'Cévenne', 'Antoinette', '2022-05-08 19:28:04', 'lorem@test.fr', 'Accès à mes données', 'Sed porttitor lectus nibh. Vestibulum ac diam sit amet quam vehicula elementum sed sit amet dui. Curabitur arcu erat, accumsan id imperdiet et, porttitor at sem. Quisque velit nisi, pretium ut lacinia in, elementum id enim. Curabitur non nulla sit amet nisl tempus convallis quis ac lectus.\r\n\r\nVivamus suscipit tortor eget felis porttitor volutpat. Nulla quis lorem ut libero malesuada feugiat. Nulla porttitor accumsan tincidunt. Donec sollicitudin molestie malesuada. Praesent sapien massa, convallis a pellentesque nec, egestas non nisi.\r\n'),
	(73, 'female', 'Foucault', 'Rose', '2022-05-09 19:28:14', 'lorem@test.fr', 'Autre', 'Mauris blandit aliquet elit, eget tincidunt nibh pulvinar a. Vivamus magna justo, lacinia eget consectetur sed, convallis at tellus. Sed porttitor lectus nibh. Vestibulum ante ipsum primis in faucibus orci luctus et ultrices posuere cubilia Curae; Donec velit neque, auctor sit amet aliquam vel, ullamcorper sit amet ligula. Mauris blandit aliquet elit, eget tincidunt nibh pulvinar a. Curabitur non nulla sit amet nisl tempus convallis quis ac lectus.\r\n\r\nCurabitur arcu erat, accumsan id imperdiet et, porttitor at sem. Vivamus magna justo, lacinia eget consectetur sed, convallis at tellus. Pellentesque in ipsum id orci porta dapibus. Lorem ipsum dolor sit amet, consectetur adipiscing elit. Donec rutrum congue leo eget malesuada. Curabitur aliquet quam id dui posuere blandit.\r\n\r\nCras ultricies ligula sed magna dictum porta. Curabitur arcu erat, accumsan id imperdiet et, porttitor at sem. Cras ultricies ligula sed magna dictum porta. Vivamus suscipit tortor eget felis porttitor volutpat. Praesent sapien massa, convallis a pellentesque nec, egestas non nisi. Sed porttitor lectus nibh.'),
	(74, 'male', 'Hardan', 'Michel', '2022-05-10 09:38:05', 'lorem@test.fr', 'Autre', 'Sed porttitor lectus nibh. Vestibulum ac diam sit amet quam vehicula elementum sed sit amet dui. Curabitur arcu erat, accumsan id imperdiet et, porttitor at sem. Quisque velit nisi, pretium ut lacinia in, elementum id enim. Curabitur non nulla sit amet nisl tempus convallis quis ac lectus.\r\n\r\nVivamus suscipit tortor eget felis porttitor volutpat. Nulla quis lorem ut libero malesuada feugiat. Nulla porttitor accumsan tincidunt. Donec sollicitudin molestie malesuada. Praesent sapien massa, convallis a pellentesque nec, egestas non nisi.\r\n'),
	(76, 'female', 'Massé', 'Victor', '2022-05-11 14:52:46', 'lorem@test.fr', 'Accès à mes données', 'Mauris blandit aliquet elit, eget tincidunt nibh pulvinar a. Vivamus magna justo, lacinia eget consectetur sed, convallis at tellus. Sed porttitor lectus nibh. Vestibulum ante ipsum primis in faucibus orci luctus et ultrices posuere cubilia Curae; Donec velit neque, auctor sit amet aliquam vel, ullamcorper sit amet ligula. Mauris blandit aliquet elit, eget tincidunt nibh pulvinar a. Curabitur non nulla sit amet nisl tempus convallis quis ac lectus.\r\n\r\nCurabitur arcu erat, accumsan id imperdiet et, porttitor at sem. Vivamus magna justo, lacinia eget consectetur sed, convallis at tellus. Pellentesque in ipsum id orci porta dapibus. Lorem ipsum dolor sit amet, consectetur adipiscing elit. Donec rutrum congue leo eget malesuada. Curabitur aliquet quam id dui posuere blandit.\r\n\r\nCras ultricies ligula sed magna dictum porta. Curabitur arcu erat, accumsan id imperdiet et, porttitor at sem. Cras ultricies ligula sed magna dictum porta. Vivamus suscipit tortor eget felis porttitor volutpat. Praesent sapien massa, convallis a pellentesque nec, egestas non nisi. Sed porttitor lectus nibh.'),
	(77, 'female', 'Ernot', 'Annie', '2022-05-11 14:54:33', 'lorem@test.fr', 'Accès à mes données', 'Sed porttitor lectus nibh. Vestibulum ac diam sit amet quam vehicula elementum sed sit amet dui. Curabitur arcu erat, accumsan id imperdiet et, porttitor at sem. Quisque velit nisi, pretium ut lacinia in, elementum id enim. Curabitur non nulla sit amet nisl tempus convallis quis ac lectus.\r\n\r\nVivamus suscipit tortor eget felis porttitor volutpat. Nulla quis lorem ut libero malesuada feugiat. Nulla porttitor accumsan tincidunt. Donec sollicitudin molestie malesuada. Praesent sapien massa, convallis a pellentesque nec, egestas non nisi.\r\n'),
	(78, 'male', 'Marsin', 'Manu', '2022-05-27 19:36:42', 'lorem@test.fr', 'Autre', 'Sed porttitor lectus nibh. Vestibulum ac diam sit amet quam vehicula elementum sed sit amet dui. Curabitur arcu erat, accumsan id imperdiet et, porttitor at sem. Quisque velit nisi, pretium ut lacinia in, elementum id enim. Curabitur non nulla sit amet nisl tempus convallis quis ac lectus.\r\n\r\nVivamus suscipit tortor eget felis porttitor volutpat. Nulla quis lorem ut libero malesuada feugiat. Nulla porttitor accumsan tincidunt. Donec sollicitudin molestie malesuada. Praesent sapien massa, convallis a pellentesque nec, egestas non nisi.\r\n');
/*!40000 ALTER TABLE `messages` ENABLE KEYS */;

-- Listage de la structure de la table bookshelf_corner. website
DROP TABLE IF EXISTS `website`;
CREATE TABLE IF NOT EXISTS `website` (
  `id` int(11) NOT NULL AUTO_INCREMENT,
  `logo` varchar(255) NOT NULL,
  `name` varchar(255) NOT NULL,
  PRIMARY KEY (`id`)
) ENGINE=InnoDB AUTO_INCREMENT=2 DEFAULT CHARSET=utf8 COMMENT='This table contains all the informations about the website : title, logo...\r\nIt should only contain ONE row';

-- Listage des données de la table bookshelf_corner.website : ~0 rows (environ)
/*!40000 ALTER TABLE `website` DISABLE KEYS */;
INSERT INTO `website` (`id`, `logo`, `name`) VALUES
	(1, 'logo_blog.png', 'The Bookshelf Corner');
/*!40000 ALTER TABLE `website` ENABLE KEYS */;

/*!40101 SET SQL_MODE=IFNULL(@OLD_SQL_MODE, '') */;
/*!40014 SET FOREIGN_KEY_CHECKS=IFNULL(@OLD_FOREIGN_KEY_CHECKS, 1) */;
/*!40101 SET CHARACTER_SET_CLIENT=@OLD_CHARACTER_SET_CLIENT */;
/*!40111 SET SQL_NOTES=IFNULL(@OLD_SQL_NOTES, 1) */;
